p_pct,round,table_type,rows,update_count,write_ms,added_bytes,added_data_files,added_delete_files,total_data_bytes,total_delete_bytes,delete_files,scan_ms,point_ms,git_commit,run_ts
20,1,cow,2000000,400282,5348.15,28754777,4,0,28754777,0,0,156.79,115.23,4fb2694,2026-09-26T16:27:44
20,1,mor,2000000,400282,2183.98,6647414,4,4,30706722,446413,4,205.14,170.16,4fb2694,2026-09-26T16:27:44
20,2,cow,2000000,399462,3761.07,28738237,4,0,28738237,0,0,166.11,111.72,4fb2694,2026-09-26T16:27:44
20,2,mor,2000000,399462,4205.47,7070598,4,8,37330907,883388,8,198.12,167.6,4fb2694,2026-09-26T16:27:44
20,3,cow,2000000,399509,3882.25,28670310,4,0,28670310,0,0,166.23,115.24,4fb2694,2026-09-26T16:27:44
20,3,mor,2000000,399509,4413.4,7529678,4,12,43977197,1338745,12,232.06,178.21,4fb2694,2026-09-26T16:27:44
20,4,cow,2000000,399949,4178.54,28612625,4,0,28612625,0,0,158.51,117.27,4fb2694,2026-09-26T16:27:44
20,4,mor,2000000,399949,4233.66,7993940,4,16,50632392,1798555,16,257.18,168.55,4fb2694,2026-09-26T16:27:44
20,5,cow,2000000,400260,3492.82,28580974,4,0,28580974,0,0,163.67,113.86,4fb2694,2026-09-26T16:27:44
20,5,mor,2000000,400260,4440.26,8466095,4,20,57299932,2268056,20,261.19,166.57,4fb2694,2026-09-26T16:27:44
20,6,cow,2000000,399963,3414.11,28542311,4,0,28542311,0,0,168.27,114.14,4fb2694,2026-09-26T16:27:44
20,6,mor,2000000,399963,5463.31,8935689,4,24,63967565,2740857,24,280.88,166.22,4fb2694,2026-09-26T16:27:44
20,7,cow,2000000,399463,3490.3,28496258,4,0,28496258,0,0,161.12,116.07,4fb2694,2026-09-26T16:27:44
20,7,mor,2000000,399463,7476.25,9411722,4,28,70638430,3224209,28,297.33,166.32,4fb2694,2026-09-26T16:27:44
20,8,cow,2000000,399487,4280.4,28427617,4,0,28427617,0,0,160.63,112.89,4fb2694,2026-09-26T16:27:44
20,8,mor,2000000,399487,8948.8,9891816,4,32,77306037,3703206,32,323.3,162.28,4fb2694,2026-09-26T16:27:44
20,9,cow,2000000,400409,4287.16,28423457,4,0,28423457,0,0,163.52,115.43,4fb2694,2026-09-26T16:27:44
20,9,mor,2000000,400409,8103.01,10392161,4,36,83994992,4192467,36,324.15,167.2,4fb2694,2026-09-26T16:27:44
20,10,cow,2000000,400083,3808.03,28342941,4,0,28342941,0,0,157.14,115.39,4fb2694,2026-09-26T16:27:44
20,10,mor,2000000,400083,8463.39,10879916,4,40,90682441,4684501,40,336.5,192.97,4fb2694,2026-09-26T16:27:44
20,11,cow,2000000,400796,4389.46,28299922,4,0,28299922,0,0,163.56,116.64,4fb2694,2026-09-26T16:27:44
20,11,mor,2000000,400796,9399.49,11381612,4,44,97379552,5174029,44,369.71,206.67,4fb2694,2026-09-26T16:27:44
20,12,cow,2000000,400024,3822.18,28303597,4,0,28303597,0,0,164.22,114.19,4fb2694,2026-09-26T16:27:44
20,12,mor,2000000,400024,10742.11,11859374,4,48,104064897,5664940,48,391.28,211.51,4fb2694,2026-09-26T16:27:44
20,13,cow,2000000,399759,3866.18,28230712,4,0,28230712,0,0,157.27,118.3,4fb2694,2026-09-26T16:27:44
20,13,mor,2000000,399759,9988.65,12355199,4,52,110755156,6164843,52,388.7,213.6,4fb2694,2026-09-26T16:27:44
20,14,cow,2000000,399700,5093.7,28199770,4,0,28199770,0,0,166.97,113.41,4fb2694,2026-09-26T16:27:44
20,14,mor,2000000,399700,12378.21,12846884,4,56,117437197,6659569,56,425.35,227.32,4fb2694,2026-09-26T16:27:44
20,15,cow,2000000,399522,4766.39,28177709,4,0,28177709,0,0,164.53,117.64,4fb2694,2026-09-26T16:27:44
20,15,mor,2000000,399522,14758.06,13343807,4,60,124121435,7158127,60,436.37,227.03,4fb2694,2026-09-26T16:27:44
20,16,cow,2000000,399583,4049.74,28155114,4,0,28155114,0,0,159.67,116.49,4fb2694,2026-09-26T16:27:44
20,16,mor,2000000,399583,13756.6,13839627,4,64,130802935,7651902,64,451.06,260.08,4fb2694,2026-09-26T16:27:44
20,17,cow,2000000,400226,4892.91,28137030,4,0,28137030,0,0,162.1,118.51,4fb2694,2026-09-26T16:27:44
20,17,mor,2000000,400226,15113.06,14341460,4,68,137492493,8144963,68,468.43,269.53,4fb2694,2026-09-26T16:27:44
20,18,cow,2000000,399752,3789.59,28125130,4,0,28125130,0,0,156.68,111.6,4fb2694,2026-09-26T16:27:44
20,18,mor,2000000,399752,16433.29,14828756,4,72,144176286,8639173,72,574.06,253.18,4fb2694,2026-09-26T16:27:44
20,19,cow,2000000,400053,4865.87,28111368,4,0,28111368,0,0,163.8,114.98,4fb2694,2026-09-26T16:27:44
20,19,mor,2000000,400053,15127.72,15332254,4,76,150869367,9140000,76,500.35,263.89,4fb2694,2026-09-26T16:27:44
20,20,cow,2000000,399952,3993.42,28102186,4,0,28102186,0,0,175.16,113.9,4fb2694,2026-09-26T16:27:44
20,20,mor,2000000,399952,15478.19,15823447,4,80,157552814,9633280,80,541.58,271.61,4fb2694,2026-09-26T16:27:44
