trial,seed,kills,expected_rows,actual_rows,duplicates,missing,mismatched,resurrected,unexpected,snapshots,recovery_seconds,checkpoint_enabled,passed
1,1001,14,5625,5625,0,0,0,0,0,23,3.0,true,True
2,1002,13,5581,5581,0,0,0,0,0,21,3.0,true,True
3,1003,12,5660,5660,0,0,0,0,0,24,3.0,true,True
4,1004,12,5532,5532,0,0,0,0,0,24,9.0,true,True
5,1005,13,5598,5598,0,0,0,0,0,23,3.0,true,True
6,1006,12,5657,5657,0,0,0,0,0,21,2.0,true,True
7,1007,13,5676,5676,0,0,0,0,0,19,8.0,true,True
8,1008,12,5647,5647,0,0,0,0,0,23,8.0,true,True
9,1009,12,5696,5696,0,0,0,0,0,21,8.0,true,True
10,1010,13,5525,5525,0,0,0,0,0,20,3.0,true,True
11,1011,13,5648,5648,0,0,0,0,0,19,8.0,true,True
12,1012,12,5610,5610,0,0,0,0,0,22,2.0,true,True
13,1013,13,5655,5655,0,0,0,0,0,22,8.0,true,True
14,1014,12,5622,5622,0,0,0,0,0,21,8.0,true,True
15,1015,13,5642,5642,0,0,0,0,0,21,8.0,true,True
16,1016,12,5630,5630,0,0,0,0,0,25,9.0,true,True
17,1017,13,5604,5604,0,0,0,0,0,21,9.0,true,True
18,1018,13,5569,5569,0,0,0,0,0,21,3.0,true,True
19,1019,12,5525,5525,0,0,0,0,0,23,9.0,true,True
20,1020,11,5621,5621,0,0,0,0,0,20,3.0,true,True
