target_files,actual_files,splits,meta_bytes,state,rows,iceberg_plan_ms,plan_ms,agg_ms,filter_ms,point_ms,git_commit,run_ts,compact_ms
10,9,1,17012,uncompacted,5000000,3.95,15.83,356.14,20.7,115.8,4fb2694,2026-09-26T16:12:38,
10,9,1,17012,compacted,5000000,1.94,10.55,326.53,17.51,110.77,4fb2694,2026-09-26T16:12:38,49.15
50,44,2,18343,uncompacted,5000000,1.89,9.56,291.78,15.68,113.2,4fb2694,2026-09-26T16:12:38,
50,4,1,62165,compacted,5000000,1.61,9.21,589.56,16.88,196.2,4fb2694,2026-09-26T16:12:38,4660.63
100,86,3,19854,uncompacted,5000000,1.88,8.99,309.45,15.76,129.67,4fb2694,2026-09-26T16:12:38,
100,4,1,65138,compacted,5000000,1.8,8.32,569.88,14.74,194.62,4fb2694,2026-09-26T16:12:38,3952.63
500,443,14,34097,uncompacted,5000000,2.93,8.59,505.76,15.7,288.49,4fb2694,2026-09-26T16:12:38,
500,4,1,93655,compacted,5000000,1.4,7.1,565.75,14.05,195.1,4fb2694,2026-09-26T16:12:38,5254.17
1000,878,28,45072,uncompacted,5000000,3.02,9.78,705.08,16.46,429.87,4fb2694,2026-09-26T16:12:38,
1000,4,1,115602,compacted,5000000,1.38,8.71,546.49,13.14,178.74,4fb2694,2026-09-26T16:12:38,5678.29
2500,2213,70,97652,uncompacted,5000000,4.18,14.87,1699.57,17.87,1109.65,4fb2694,2026-09-26T16:12:38,
2500,4,1,220903,compacted,5000000,1.31,7.34,554.23,15.48,196.47,4fb2694,2026-09-26T16:12:38,3775.44
5000,4389,138,154602,uncompacted,5000000,6.6,17.38,2527.92,21.83,1840.92,4fb2694,2026-09-26T16:12:38,
5000,4,1,335112,compacted,5000000,1.7,6.55,549.05,13.08,176.55,4fb2694,2026-09-26T16:12:38,5072.42
